<?xml version="1.0" encoding="Shift_JIS"?>

    <array name="XXSC_S_EXCEL_SELLIN_AT" structType="XXSC_S_EXCEL_SELLIN_ST">
      <property name="customerNumber" />
      <property name="customerName" />
      <property name="siteNumber" />
      <property name="siteName" />
      <property name="dealershipSiteType" />
      <property name="dealershipSiteTypeName" />
      <property name="opportunitiesNumber" />
      <property name="orderFixedDate" />
      <property name="wholesaleListPrice" />
      <property name="salesDiscountAmount" />
      <property name="salesUnitPrice" />
      <property name="grossMarginAmount" />
      <property name="contractUnitNumber" />
      <property name="orderNumber" />
      <property name="itemCode" />
      <property name="itemName" />
      <property name="quantity" />
      <property name="serialNumber" />
      <property name="actualArrivalDate" />
      <property name="shipToOrgName" />
      <property name="shipToSiteNumber" />
      <property name="shipToSiteName" />
      <property name="maintenanceTypeName" />
      <property name="contractNumber" />
      <property name="startDate" />
      <property name="installedSiteNumber" />
      <property name="installedSiteName" />
      <property name="contractOrgName" />
      <property name="contractIdentifierPersonNo" />
      <property name="contractPersonName" />
    </array>
