<?xml version="1.0" encoding="Shift_JIS"?>


<!-- $Id: global-dbif.xml,v 1.30 2005/04/20 04:53:32 admin Exp $ -->

<!--
  ===================================================================
  === Array Definitions
  ===================================================================
-->

    <array name="XXSC_S_PRC001_UPDATE_AT" structType="XXSC_S_PRC001_UPDATE_ST">
      <property name="oppDetailIid" />
      <property name="itemName" />
      <property name="openType" >
        <submit condition="NULL" dest="0"/>
      </property>
      <property name="stdPrice" >
        <submit condition="NULL" dest="0"/>
      </property>
      <property name="salesDiscnt" />
      <property name="sales_unit_price" />
      <property name="whlsalePrice" />
      <property name="discntRate" />
      <property name="grossMargin" />
      <property name="GrossMarginRate" />
    </array>

