<?xml version="1.0" encoding="Shift_JIS"?>


<!-- $Id: global-dbif.xml,v 1.30 2005/04/20 04:53:32 admin Exp $ -->
<!--
  ===================================================================
  === Array Definitions
  ===================================================================
-->
    <array name="XXSC_S_CRY001_PRICEUPDATE_AT" structType="XXSC_S_CRY001_PRICEUPDATE_ST">
      <property name="oppSetIid" />
      <property name="cryMakerCode" />
      <property name="cryMakerModelNumber" />
      <property name="cryVenderCode" />
      <property name="cryOpenPriceType" />
      <property name="crySalesListPrice" />
      <property name="cryInvoicePrice" />
      <property name="openPriceType" />
      <property name="stdPrice" />
      <property name="ementUnitPrice" />
      <property name="quoteInf" />
      <property name="baseInvoicePrice" />
    </array>

    <array name="XXSC_S_CRY001_UPDATE_AT" structType="XXSC_S_CRY001_UPDATE_ST">
      <property name="setUnitProcFlag" />
      <property name="oppSetIid" />
      <property name="ttSetId" />
      <property name="setQty" />
      <property name="detailUnitProcFlag" />
      <property name="oppDetailIid" />
      <property name="dtItemName" />
      <property name="qty" />
      <property name="salesTo" />
      <property name="openPriceType" />
      <property name="dtStdPrice" />
      <property name="dtUnitPrice" />
      <property name="settlementUnitPrice" />
      <property name="grossMargin" />
      <property name="dtGrossMarginRate" />
      <property name="itbMakerCode" />
      <property name="maker" />
      <property name="makerModelNum" />
      <property name="supplyToItemCode" />
      <property name="dataSelType" />
      <property name="quoteInf" />
      <property name="vendorCode" />
      <property name="vendor" />
      <property name="vendorDept" />
      <property name="vendorContact" />
      <property name="vendorTel" />
      <property name="baseInvoicePrice" />
      <property name="wholesaleListPrice" />
    </array>

