<?xml version="1.0" encoding="Shift_JIS"?>


<!-- $Id: global-dbif.xml,v 1.30 2005/04/20 04:53:32 admin Exp $ -->

<!--
  ===================================================================
  === Array Definitions
  ===================================================================
-->

    <array name="XXSC_S_PRC017_UPDATE_AT" structType="XXSC_S_PRC017_UPDATE_ST">
      <property name="oppSetUnitIid" />
      <property name="oppDetailIid" />
      <property name="salesMcnKindType" />
      <property name="ddQty" />
      <property name="dtMainteType" />
      <property name="supportStdType" />
      <property name="paidPreOrPost" />
      <property name="pay" />
      <property name="fixFeeFeeMstFlag" />
      <property name="ddMainteFeeListPrice" />
      <property name="ddDiscnt" />
      <property name="ddDiscntRate" />
      <property name="oppFixFeeFeeIid" />
      <property name="oppTokuTradeAplicaIid" />
      <property name="mainteTypeCategoryL" />
    </array>

