<?xml version="1.0" encoding="Shift_JIS"?>


<!-- $Id: global-dbif.xml,v 1.30 2005/04/20 04:53:32 admin Exp $ -->

<!--
  ===================================================================
  === Array Definitions
  ===================================================================
-->

    <array name="XXSC_S_DOP001_CV_ESTIMATE_AT" structType="XXSC_S_DOP001_CV_ESTIMATE_ST">
      <property name="siBasicFeeMono" />
      <property name="siBasicQtyMono" />
      <property name="siBasicFeeColor" />
      <property name="siBasicQtyColor" />
      <property name="shUnitPriceItemName1" />
      <property name="shUnitPriceItemName2" />
      <property name="shUnitPriceItemName3" />
      <property name="shUnitPriceItemName4" />
      <property name="shUnitPriceItemName5" />
      <property name="shUnitPriceItemName6" />
      <property name="shUnitPriceItemName7" />
      <property name="shUnitPriceItemName8" />
      <property name="siUnitPriceItemName1" />
      <property name="siUnitPriceItemName2" />
      <property name="siUnitPriceItemName3" />
      <property name="siUnitPriceItemName4" />
      <property name="siUnitPriceItemName5" />
      <property name="siUnitPriceItemName6" />
      <property name="siUnitPriceItemName7" />
      <property name="siUnitPriceItemName8" />
      <property name="shMeterFeeType1" />
      <property name="shMeterFeeType2" />
      <property name="shMeterFeeType3" />
      <property name="shMeterFeeType4" />
      <property name="shMeterFeeType5" />
      <property name="shMeterFeeType6" />
      <property name="shMeterFeeType7" />
      <property name="shMeterFeeType8" />
      <property name="cvUnitDivideTotal" />
      <property name="discntTotalDivide" />
      <property name="discntAmntTotalDivide" />
      <property name="tankaType1" />
      <property name="tankaType2" />
      <property name="tankaType3" />
      <property name="tankaType4" />
      <property name="tankaType5" />
      <property name="tankaType6" />
      <property name="tankaType7" />
      <property name="tankaType8" />
    </array>

    <array name="XXSC_S_DOP001_MIX_INFO_AT" structType="XXSC_S_DOP001_MIX_INFO_ST">
      <property name="feeMergeSeq" />
      <property name="mixContractNum" />
      <property name="locXAPSeq" />
      <property name="sIRate" />
      <property name="monoDiscntRate" />
      <property name="colorDiscntRate" />
      <property name="smSetBasicQty" />
      <property name="scSetBasicQty" />
      <property name="unitPriceTotal" />
      <property name="discntTotal" />
      <property name="discntAmntTotal" />
      <property name="mthlySales" />
      <property name="feeMergeContractIid" />
      <property name="existunitDivideTotal" />
      <property name="existDiscntTotal" />
      <property name="existDiscntAmntTotal" />
      <property name="meterFeeType" />
    </array>

    <array name="XXSC_S_DOP001_MIX_ZAP_AT" structType="XXSC_S_DOP001_MIX_ZAP_ST">
      <property name="setUnitIid" />
      <property name="oppDetailIid" />
      <property name="shPriceKindType" />
    </array>

    <array name="XXSC_S_DOP001_MIX_ZAP_RET_AT" structType="XXSC_S_DOP001_MIX_ZAP_RET_ST">
      <property name="sIRate" />
      <property name="monoDiscntRate" />
      <property name="colorDiscntRate" />
      <property name="custName" />
      <property name="locName" />
    </array>

    <array name="XXSC_S_DOP001_SEL_ITEM_AT" structType="XXSC_S_DOP001_SEL_ITEM_ST">
      <property name="setUnitIid" />
      <property name="oppDetailIid" />
      <property name="setId" />
      <property name="setQty" />
      <property name="itemLinkCode1" />
      <property name="siParent" />
      <property name="siMcCalcType" />
      <property name="supportStdType" />
      <property name="shPriceKindType" />
    </array>

    <array name="XXSC_S_DOP001_SUM_INFO_AT" structType="XXSC_S_DOP001_SUM_INFO_ST">
      <property name="stUnitPriceItemName" />
      <property name="stExpectCv" />
      <property name="stOverUnitPrice" />
      <property name="taxRegFlag" />
      <property name="stMeterFeeType" />
    </array>

    <array name="XXSC_S_DOP001_COPY_TANKA_AT" structType="XXSC_S_DOP001_COPY_TANKA_ST">
      <property name="unitPriceType" />
      <property name="qty" />
      <property name="unitPrice" />
      <property name="taxRegFlag" />

    </array>

