<?xml version="1.0" encoding="Shift_JIS"?>


<!-- $Id: global-dbif.xml,v 1.30 2005/04/20 04:53:32 admin Exp $ -->

<!--
  ===================================================================
  === Array Definitions
  ===================================================================
-->

    <array name="XXSC_S_DOP002_APPLY_SINGLE_AT" structType="XXSC_S_DOP002_APPLY_SINGLE_ST">
      <property name="feeMergeSeq" />
      <property name="mixContractNum" />
      <property name="locXAPSeq" />
      <property name="sIRate" />
      <property name="monoDiscntRate" />
      <property name="colorDiscntRate" />
      <property name="miniFee" />
      <property name="stdFeeTscMthlyAmnt" />
      <property name="dailyRateType" />
      <property name="priceKindType" />
    </array>

    <array name="XXSC_S_DOP002_COPY_TANKA_AT" structType="XXSC_S_DOP002_COPY_TANKA_ST">
      <property name="unitPriceType" />
      <property name="qty" />
      <property name="unitPrice" />
      <property name="taxRegFlag" />
    </array>

    <array name="XXSC_S_DOP002_CV_ESTIMATE_AT" structType="XXSC_S_DOP002_CV_ESTIMATE_ST">
      <property name="etUnitPriceTypeName1" />
      <property name="etUnitPriceTypeName2" />
      <property name="etUnitPriceTypeName3" />
      <property name="etUnitPriceTypeName4" />
      <property name="etUnitPriceTypeName5" />
      <property name="etUnitPriceTypeName6" />
      <property name="etUnitPriceTypeName7" />
      <property name="etUnitPriceTypeName8" />
      <property name="etUnitPriceType1" />
      <property name="etUnitPriceType2" />
      <property name="etUnitPriceType3" />
      <property name="etUnitPriceType4" />
      <property name="etUnitPriceType5" />
      <property name="etUnitPriceType6" />
      <property name="etUnitPriceType7" />
      <property name="etUnitPriceType8" />
      <property name="etCvUnitDivideTotal" />
      <property name="etDiscntTotalDivide" />
      <property name="etDiscntAmntTotalDivide" />
    </array>

    <array name="XXSC_S_DOP002_MIX_ZAP_AT" structType="XXSC_S_DOP002_MIX_ZAP_ST">
      <property name="setUnitIid" />
      <property name="oppDetailIid" />
      <property name="etPriceKindType" />
    </array>

    <array name="XXSC_S_DOP002_MIX_ZAP_RET_AT" structType="XXSC_S_DOP002_MIX_ZAP_RET_ST">
      <property name="sIRate" />
      <property name="monoDiscntRate" />
      <property name="colorDiscntRate" />
      <property name="custName" />
      <property name="locName" />
    </array>

    <array name="XXSC_S_DOP002_SEL_ITEM_AT" structType="XXSC_S_DOP002_SEL_ITEM_ST">
      <property name="setUnitIid" />
      <property name="oppDetailIid" />
      <property name="setId" />
      <property name="setQty" />
      <property name="etParent" />
      <property name="etMcCalcType" />
      <property name="etMainteType" />
      <property name="etSupportStdType" />
    </array>

