<?xml version="1.0" encoding="Shift_JIS"?>


<!-- $Id: global-dbif.xml,v 1.31 2005/04/20 04:53:32 admin Exp $ -->

<!--
  ===================================================================
  === Array Definitions
  ===================================================================
-->
    <array name="XXSC_S_CNF005_COMMIT_AT" structType="XXSC_S_CNF005_COMMIT_ST">
      <property name="leaseFlag" />
      <property name="custFlag" />
      <property name="specifiedCorpFlag" />
      <property name="creditFlag" />
      <property name="employeeLinkCode" />
      <property name="tradeApplDocAprv" />
      <property name="creditLimitAmntConf" />
      <property name="getDate" />
      <property name="fullDocGetDate" />
      <property name="rentalContract" />
      <property name="tSCContract" />
      <property name="mainteContract" />
      <property name="otherDoc" />
      <property name="docName" />
      <property name="salerComment" />
      <property name="toGet" />
      <property name="ttGet" />
      <property name="toOrderContractDate" />
      <property name="ttOrderContractDate" />
      <property name="toGetPlanDate" />
      <property name="ttGetPlanDate" />
      <property name="custOrderNum" />
      <property name="orPayPlanDate" />
      <property name="ocPayPlanDate" />
      <property name="osPayPlanDate" />
      <property name="otPayPlanDate" />
      <property name="hdInstallmentFlag" />
      <property name="provisionalOrder" />
      <property name="order" />
      <property name="orderTradeContract" />
      <property name="gv_opp_org_id" />
      <property name="gv_person_number" />
      <property name="gv_company_identifier" />
      <property name="mgr_salesContactIid" />
      <property name="mgr_email" />
      <property name="summing_iidSalesContact" />
      <property name="summing_Name" />
      <property name="person_id" />
<!-- 20070314 Sato Add Start -->
      <property name="custDocUseFlag" />
      <property name="hdEChannelType" />
      <property name="hdSolServType" />
<!-- 20070314 Sato Add End -->

    </array>

