<?xml version="1.0" encoding="Shift_JIS"?>


<!-- $Id: global-dbif.xml,v 1.30 2005/04/20 04:53:32 admin Exp $ -->

<!--
  ===================================================================
  === Array Definitions
  ===================================================================
-->

    <array name="XXSC_S_CTS005_AT" structType="XXSC_S_CTS005_ST">
      <property name="oppLocCode" />
      <property name="oppName" />
      <property name="custDocUseFlag" />
      <property name="hdEChannelType" />
      <property name="hdSolServType" />
    </array>

    <array name="XXSC_S_CTS005_DEL_INDYN_AT" structType="XXSC_S_CTS005_DEL_INDYN_ST">
      <property name="oppSetUnitIid" />
      <property name="hdnExtArtFlg" />
    </array>

    <array name="XXSC_S_CTS005_DYN_AT" structType="XXSC_S_CTS005_DYN_ST">
      <property name="ouContractType" />
      <property name="setId" />
      <property name="notCgt">
        <submit condition="EQUALS" value="ON"  dest="Y" />
        <submit condition="NULL" dest="N" />
      </property>
      <property name="oppShapeAllAccnt" />
<!--
      <property name="mngBillClaim">
        <submit condition="EQUALS" value="ON"  dest="Y" />
        <submit condition="NULL" dest="N" />
      </property>
-->
      <property name="rpTimeCancelPlanDate" />
      <property name="oppSetUnitIid" />
      <property name="hdnExtArtFlg" />
      <property name="iniViewContractType" />
      <property name="feeMergeIid" />
      <property name="contractSeq" />
      <property name="priceKindType" />
      <property name="chkFlg" />
    </array>

    <array name="XXSC_S_CTS005_INIT_DYN_AT" structType="XXSC_S_CTS005_INIT_DYN_ST">
      <property name="ouContractType" />
      <property name="setId" />
      <property name="setQty" />
      <property name="inMcnItemName" />
      <property name="allSalesAmnt" />
      <property name="grossMargin" />
      <property name="outExtMcnItemName" />
      <property name="mcnNum" />
      <property name="contractSeq" />
      <property name="delivReqDate" />
      <property name="estabLoc" />
      <property name="carryOutReqDate" />
      <property name="carryOutLocEmSel" />
      <property name="opeConsign" />
      <property name="custMng" />
      <property name="notCgt" />
      <property name="estabLocContactType" />
      <property name="contactCorp" />
      <property name="deptName" />
      <property name="contractEmpNum" />
      <property name="empName" />
      <property name="oppShapeCode" />
<!--
      <property name="mngBillClaim" />
-->
      <property name="rpTimeCancelPlanDate" />
      <property name="oppSetUnitIid" />
      <property name="hdnExtArtFlg" />
      <property name="iniViewContractType" />
      <property name="feeMergeType" />
      <property name="channelLinkCode" />
      <property name="hdnSrtTermRenType" />
      <property name="hdnMveTp" />
      <property name="hdnRFeSttTblSlMceKndTp" />
      <property name="hdnChaGdsTblSlsType" />
      <property name="oppSetUnitIidOut" />
      <property name="priceKindType" />
      <property name="feeMergeIid" />
    </array>

    <array name="XXSC_S_CTS005_INIT_STA_AT" structType="XXSC_S_CTS005_INIT_STA_ST">
      <property name="oppAllSalesAmnt" />
      <property name="oppGrossMargin" />
      <property name="supportFee" />
      <property name="govPrivOfficeType" />
      <property name="custDocUseFlag" />
      <property name="hdEChannelType" />
      <property name="hdSolServType" />
      <property name="dealershipFXPSFlg" />
      <property name="custReqOrderSlipNumber" />
      <property name="xxdslOpportunitiesNumber" />
    </array>

