<?xml version="1.0" encoding="Shift_JIS"?>


<!-- $Id: global-dbif.xml,v 1.30 2005/04/20 04:53:32 admin Exp $ -->

<!--
  ===================================================================
  === Array Definitions
  ===================================================================
-->

    <array name="XXSC_S_EPM01_OPP_AT" structType="XXSC_S_EPM01_OPP_ST">
        <property name="today" />
        <property name="companyName" />
	    <property name="depCode" />
        <property name="depName" />
        <property name="personNo" />
        <property name="personName" />
        <property name="telephoneNumber" />
        <property name="oppName" />
        <property name="startRequstDay" />
        <property name="siteCode" />
        <property name="siteName" />
        <property name="locationAssignmentTypeName" />
        <property name="locationAssignmentCompanyName" />
        <property name="publicPrivateTypeName" />
        <property name="estimateIdentifier" />
        <property name="sePersonNumber" />
        <property name="sePersonName" />
    </array>

    <array name="XXSC_S_EPM01_SET_AT" structType="XXSC_S_EPM01_SET_ST">
        <property name="siteCode" />
	    <property name="siteName" />
        <property name="sectionName" />
        <property name="address" />
        <property name="setId" />
    </array>
    
    <array name="XXSC_S_EPM01_LINE_AT" structType="XXSC_S_EPM01_LINE_ST">
        <property name="itemName" />
	    <property name="itemCode" />
        <property name="price" />
        <property name="scheduledAcceptDate" />
        <property name="setId" />
    </array>
