<?xml version="1.0" encoding="Shift_JIS"?>


<!-- $Id: global-dbif.xml,v 1.30 2005/04/20 04:53:32 admin Exp $ -->
<!--
  ===================================================================
  === Array Definitions
  ===================================================================
-->
    <array name="XXSC_S_CNF004_SCREEN_AT" structType="XXSC_S_CNF004_SCREEN_ST">
      <property name="leaseFlag" />
      <property name="orPayPlanDate" />
      <property name="custFlag" />
      <property name="ocPayPlanDate" />
      <property name="specifiedCorpFlag" />
      <property name="osPayPlanDate" />
      <property name="creditFlag" />
      <property name="otPayPlanDate" />
      <property name="custSpecifiedPayNum" />
      <property name="hdInstallmentFlag" />
    </array>

    <array name="XXSC_S_CNF004_USERINFO_AT" structType="XXSC_S_CNF004_USERINFO_ST">
      <property name="deptCode" />
      <property name="corpId" />
      <property name="empNum" />
      <property name="oppLocOrgId" />
    </array>
