<?xml version="1.0" encoding="Shift_JIS"?>


<!-- $Id: global-dbif.xml,v 1.30 2005/04/20 04:53:32 admin Exp $ -->

<!--
  ===================================================================
  === Array Definitions
  ===================================================================
-->

    <array name="XXSC_S_ESY003_DATA_AT" structType="XXSC_S_ESY003_DATA_ST">
      <property name="anContractDetailIid" />
      <property name="inventoryOrg" />
      <property name="stockPlaceCode" />
    </array>

    <array name="XXSC_S_ESY003_HDR_AT" structType="XXSC_S_ESY003_HDR_ST">
      <property name="anContractHdrIid" />
      <property name="locIid" />
      <property name="delivReqDate" />
      <property name="wkCmpl" >
        <submit condition="EQUALS" value="ON" dest="Y" />
        <submit condition="NULL" dest="N" />
      </property>
      <property name="eiSectionName" />
      <property name="eiFloor" />
      <property name="eiCustContactName" />
      <property name="eiTel" />
      <property name="eiEntranceSteps" />
      <property name="eiEntranceDoorWidth" />
      <property name="eiElevatorUsageBad" >
        <submit condition="EQUALS" value="ON" dest="Y" />
        <submit condition="NULL" dest="N" />
      </property>
      <property name="eeEntrance" />
      <property name="eeWidth" />
      <property name="eeLength" />
      <property name="eeAllowWeight" />
      <property name="esForm" />
      <property name="esWidthLinear" />
      <property name="esFloorLinear" />
      <property name="esSteps" />
      <property name="eiCeSupportReq" >
        <submit condition="EQUALS" value="ON" dest="Y" />
        <submit condition="NULL" dest="N" />
      </property>
      <property name="eiWkCntrCode" />
      <property name="eiWreckerWkReqCmplType" >
        <submit condition="EQUALS" value="ON" dest="Y" />
        <submit condition="NULL" dest="N" />
      </property>
      <property name="estabTimeNotice" />
      <property name="hdContractType" />
    </array>

    <array name="XXSC_S_ESY003_FTR_AT" structType="XXSC_S_ESY003_FTR_ST">
      <property name="ctl009delivReqDate" />
      <property name="ctl009primCarryInToLoc" />
      <property name="ctl009floor" />
      <property name="ctl009sectionName" />
      <property name="ctl009custContactName" />
      <property name="ctl009tel" />
      <property name="ctl009carryInTimeNotice" />
      <property name="ctl009entranceSteps" />
      <property name="ctl009entranceDoorWidth" />
      <property name="ctl009elevatorUsageBad" />
      <property name="ctl009entrance" />
      <property name="ctl009width" />
      <property name="ctl009length" />
      <property name="ctl009allowWeight" />
      <property name="ctl009form" />
      <property name="ctl009widthLinear" />
      <property name="ctl009floorLinear" />
      <property name="ctl009steps" />
      <property name="ctl009oppSetUnitIid" />
      <property name="ctl009iidOppCarryInTo" />
      <property name="ctl009locIid" />
    </array>

