<?xml version="1.0" encoding="Shift_JIS"?>


<!-- $Id: global-dbif.xml,v 1.30 2005/04/20 04:53:32 admin Exp $ -->

<!--
  ===================================================================
  === Array Definitions
  ===================================================================
-->

    <array name="XXSC_S_SAL002_OPP_AT" structType="XXSC_S_SAL002_OPP_ST">
      <property name="iidOpp" />
      <property name="locLinkCode" />
      <property name="oppCode" />
      <property name="status" />
      <property name="locCode" />
      <property name="oppLocName" />
      <property name="primItemName" />
      <property name="contractType" />
      <property name="estabSectionName" />
      <property name="moveResult" />
      <property name="oppName" />
      <!-- 2008/05/08 K.Ishigaki Add -->
      <property name="oppStatusType" />
    </array>

