<?xml version="1.0" encoding="Shift_JIS"?>


<!-- $Id: global-dbif.xml,v 1.30 2005/04/20 04:53:32 admin Exp $ -->

<!--
  ===================================================================
  === Array Definitions
  ===================================================================
-->

    <array name="XXSC_S_PRC020_SCREEN_AT" structType="XXSC_S_PRC020_SCREEN_ST">
      <property name="oppDetailIid" />
      <property name="oppFixFeeFeeIid" />
      <property name="oppTokuTradeAplicaIid" />
      <property name="supportStdType" />
      <property name="salesMcnKindType" />
      <property name="mainteTypeCategoryL" />
      <property name="mainteTypeCode" />
      <property name="payTypeCode" />
      <property name="paidPrePostTypeCode" />
      <property name="discnt" />
      <property name="itemName" />
      <property name="mainteFeeListPrice" />
    </array>

