<?xml version="1.0" encoding="Shift_JIS"?>


<!-- $Id: global-dbif.xml,v 1.30 2005/04/20 04:53:32 admin Exp $ -->

<!--
  ===================================================================
  === Array Definitions
  ===================================================================
-->

    <array name="XXSC_S_CTL009_PKG_AT" structType="XXSC_S_CTL009_PKG_ST">
      <property name="delivReqDate"/>
      <property name="primCarryInToLoc"/>
      <property name="floor"/>
      <property name="sectionName"/>
      <property name="custContactName"/>
      <property name="tel"/>
      <property name="carryInTimeNotice"/>
      <property name="entranceSteps"/>
      <property name="entranceDoorWidth"/>
      <property name="elevatorUsageBad"/>
      <property name="entrance"/>
      <property name="width"/>
      <property name="length"/>
      <property name="allowWeight"/>
      <property name="form"/>
      <property name="widthLinear"/>
      <property name="floorLinear"/>
      <property name="steps"/>
      <property name="oppSetUnitIid"/>
      <property name="iidOppCarryInTo"/>
      <property name="locIid"/>
    </array>

