<?xml version="1.0" encoding="Shift_JIS"?>


<!-- $Id: global-dbif.xml,v 1.30 2005/04/20 04:53:32 admin Exp $ -->

<!--
  ===================================================================
  === Array Definitions
  ===================================================================
-->

    <array name="XXSC_S_PRC005_DISCNT_AT" structType="XXSC_S_PRC005_DISCNT_ST">
      <property name="deSetId" />
      <property name="detTokuTradeAplicaIid" />
      <property name="deCode" />
      <property name="deApplyStartPlanDate" />
      <property name="deApplyEndPlanDate" />
    </array>

    <array name="XXSC_S_PRC005_OTH_DISCNT_AT" structType="XXSC_S_PRC005_OTH_DISCNT_ST">
      <property name="odSetId" />
      <property name="odtIid" />
      <property name="odTradeCondName" />
      <property name="odAdaptType" />
      <property name="odDiscntRatePct" />
      <property name="odDiscntAmntApplyAmnt" />
      <property name="odApplyStartPlanDate" />
      <property name="odApplyEndPlanDate" />
      <property name="deductionCopyType" />
      <property name="odtOppDetailNum" />
    </array>

