<?xml version="1.0" encoding="Shift_JIS"?>


<!-- $Id: global-dbif.xml,v 1.30 2005/04/20 04:53:32 admin Exp $ -->

<!--
  ===================================================================
  === Array Definitions
  ===================================================================
-->

    <array name="XXSC_S_PAY002_COMMIT_AT" structType="XXSC_S_PAY002_COMMIT_ST">
      <property name="iidOpp" />
      <property name="empNum" />
      <property name="corpId" />
      <property name="corpCode" />
      <property name="invoiceProcType" />
      <property name="anMassViewType" />
      <property name="leaseCorpLocIid" />
      <property name="leaseBankIid" />
      <property name="lcPayPlanDate" />
      <property name="lcPayMethod" />
      <property name="leaseCorpLocCode" />
      <property name="leaseContractNum" />
      <property name="leaseStartPlanDate" />
      <property name="leasePeriod" />
      <property name="leaseMthlyFee" />
      <property name="leaseFeeRate" />
      <property name="leaseFloor" />
      <property name="leaseSectionName" />
      <property name="leaseContactName" />
      <property name="leaseOtherPartyContactTel" />
      <property name="leaseInvoiceArrivalDueDate" />
      <property name="hdContractLocIid" />
      <property name="directSalesBankIid" />
      <property name="dsPayPlanDate" />
      <property name="dsPayMethod" />
      <property name="hdBillClaimLocIid" />
      <property name="floor" />
      <property name="sectionName" />
      <property name="contactName" />
      <property name="otherPartyContactTel" />
      <property name="estabBilling" />
      <property name="cashCollectCmpl" />
      <property name="install" />
      <property name="interestRate" />
      <property name="deposit" />
      <property name="depositPayDate" />
      <property name="remainCostDivPayNum" />
      <property name="eachNumPayAmnt" />
      <property name="eachNumPayDate" />
      <property name="dsInvoiceArrivalDueDate" />
      <property name="specifiedCorpLocIid" />
      <property name="specifiedCorpBankIid" />
      <property name="slPayPlanDate" />
      <property name="slPayMethod" />
      <property name="slFloor" />
      <property name="slSectionName" />
      <property name="slContactName" />
      <property name="slOtherPartyContactTel" />
      <property name="slInvoiceArrivalDueDate" />
      <property name="creditCardLocIid" />
      <property name="creditCardBankIid" />
      <property name="crPayPlanDate" />
      <property name="crPayMethod" />
      <property name="crFloor" />
      <property name="crSectionName" />
      <property name="crContactName" />
      <property name="crOtherPartyContactTel" />
      <property name="crInvoiceArrivalDueDate" />
      <!-- 2007/06/05 add T.Ishigaki Start  -->
      <property name="leaseBid" />
      <!-- 2007/06/05 add T.Ishigaki End  -->
    </array>

