<?xml version="1.0" encoding="Shift_JIS"?>

<!-- $Id: global-dbif.xml,v 1.30 2005/04/20 04:53:32 admin Exp $ -->

<!--
  ===================================================================
  === Array Definitions
  ===================================================================
-->

    <array name="XXSC_S_ESY002_CANC_GOODS_AT" structType="XXSC_S_ESY002_CANC_GOODS_ST">
      <property name="anContractDetailIid" />
      <property name="carryOutFeeStdPrice" />
      <property name="itemUnitDiscnt" />
    </array>

    <array name="XXSC_S_ESY002_CANC_INFO_AT" structType="XXSC_S_ESY002_CANC_INFO_ST">
      <property name="anContractHdrIid" />
      <property name="cancelDate" />
      <property name="carryOutReqDate" />
      <property name="locIid" />
      <property name="wkCmpl" >
        <submit condition="EQUALS" value="ON" dest="Y" />
        <submit condition="NULL" dest="N" />
      </property>
      <property name="ciSectionName" />
      <property name="ciFloor" />
      <property name="ciCustContactName" />
      <property name="ciTel" />
      <property name="ciCeSupportReq" >
        <submit condition="EQUALS" value="ON" dest="Y" />
        <submit condition="NULL" dest="N" />
      </property>
      <property name="ciWkCntrCode" />
      <property name="ciWreckerWkReqCmplType" >
        <submit condition="EQUALS" value="ON" dest="Y" />
        <submit condition="NULL" dest="N" />
      </property>
      <property name="carryOutTimeNotice" />
      <property name="ciEntranceSteps" />
      <property name="ciEntranceDoorWidth" />
      <property name="ciElevatorUsageBad" >
        <submit condition="EQUALS" value="ON" dest="Y" />
        <submit condition="NULL" dest="N" />
      </property>
      <property name="ceEntrance" />
      <property name="ceWidth" />
      <property name="ceLength" />
      <property name="ceAllowWeight" />
      <property name="csForm" />
      <property name="csWidthLinear" />
      <property name="csFloorLinear" />
      <property name="csSteps" />
      <property name="endDocCollect" >
        <submit condition="EQUALS" value="ON" dest="Y" />
        <submit condition="NULL" dest="N" />
      </property>
      <property name="withdrawMeterConf" >
        <submit condition="EQUALS" value="ON" dest="Y" />
        <submit condition="NULL" dest="N" />
      </property>
      <property name="cancelAddCost" />
      <property name="contractType" />
    </array>

