<?xml version="1.0" encoding="UTF-8" ?>
<!DOCTYPE log4j:configuration SYSTEM "log4j.dtd">


<log4j:configuration xmlns:log4j="http://jakarta.apache.org/log4j/" debug="false">
    

<!--
  ===================================================================
  === Appender Definitions ...
  ===================================================================
-->
<!--
  <appender name="ConsoleLog" class="org.apache.log4j.ConsoleAppender">
    <layout class="org.apache.log4j.PatternLayout">
      <param name="ConversionPattern" value="%d (%F:%L) - %m%n" />
    </layout>
  </appender>
-->

  <appender name="DebugLog" class="org.apache.log4j.RollingFileAppender">
    <param name="File" 
           value="C:/usr/oc4j_903/logs/online/ST/SC/debug.log" /> 
    <param name="MaxFileSize" value="3000KB" /> 
    <param name="MaxBackupIndex" value="20" /> 
    <layout class="org.apache.log4j.PatternLayout">
      <param name="ConversionPattern" value="%d (%F:%L) - %m%n" />
    </layout>
  </appender>

  <appender name="DatabaseLog" class="org.apache.log4j.RollingFileAppender">
    <param name="File" 
           value="C:/usr/oc4j_903/logs/online/ST/SC/database.log" /> 
    <param name="MaxFileSize" value="3000KB" /> 
    <param name="MaxBackupIndex" value="20" /> 
    <layout class="org.apache.log4j.PatternLayout">
      <param  name="ConversionPattern"  value="%d{yyyy/MM/dd HH:mm:ss:SSS},%m%n" />
    </layout>
  </appender>

  <appender name="DispatchLog" class="org.apache.log4j.RollingFileAppender">
    <param name="File" 
           value="C:/usr/oc4j_903/logs/online/ST/SC/dispatch.log" /> 
    <param name="MaxFileSize" value="3000KB" /> 
    <param name="MaxBackupIndex" value="30" /> 
    <layout class="org.apache.log4j.PatternLayout">
      <param  name="ConversionPattern"  value="%d{yyyy/MM/dd HH:mm:ss:SSS},%m%n" />
    </layout>
  </appender>

  <appender name="ErrorLog" class="org.apache.log4j.RollingFileAppender">
    <param name="File" 
           value="C:/usr/oc4j_903/logs/online/ST/SC/error.log" /> 
    <param name="MaxFileSize" value="1000KB" /> 
    <param name="MaxBackupIndex" value="30" /> 
    <layout class="org.apache.log4j.PatternLayout">
      <param  name="ConversionPattern"  value="%d{yyyy/MM/dd HH:mm:ss:SSS} %m%n" />
    </layout>
  </appender>

  <appender name="WatchLog" class="org.apache.log4j.RollingFileAppender">
    <param name="File" 
           value="C:/usr/oc4j_903/logs/online/ST/SC/watch.log" /> 
    <param name="MaxFileSize" value="1000KB" /> 
    <param name="MaxBackupIndex" value="30" /> 
    <layout class="org.apache.log4j.PatternLayout">
      <param  name="ConversionPattern"  value="%m%n" />
    </layout>
  </appender>

  <appender name="SessionLog" class="org.apache.log4j.RollingFileAppender">
    <param name="File" 
           value="C:/usr/oc4j_903/logs/online/ST/SC/session.log" /> 
    <param name="MaxFileSize" value="1000KB" /> 
    <param name="MaxBackupIndex" value="30" /> 
    <layout class="org.apache.log4j.PatternLayout">
      <param  name="ConversionPattern"  value="%d{yyyy/MM/dd HH:mm:ss:SSS},%m%n" />
    </layout>
  </appender>

<!--
  ===================================================================
  === Category Definitions ...
  ===================================================================
-->
  <!-- Root Category ... -->
<!--
  <category name="oracle.fwk.ext">
    <priority value="debug" />
    <appender-ref ref="ConsoleLog" />
  </category>
  <category name="oracle.apps.xxsc">
    <priority value="debug" />
    <appender-ref ref="ConsoleLog" />
  </category>
-->

  <!-- [oracle.fwk.ext.config.*] Category -->
  <category name="oracle.fwk.ext.config.RootConfigHelper">
    <priority value="debug" />
    <appender-ref ref="DebugLog" />
<!--    
    <appender-ref ref="ConfigLog" />
-->
  </category>

  <!-- [oracle.fwk.ext.struts.*] Category -->
  <category name="oracle.fwk.ext.struts.ActionServletForExtension">
    <priority value="debug" />
    <appender-ref ref="DebugLog" />
<!--    
    <appender-ref ref="ConfigLog" />
    <appender-ref ref="ProcessLog" />
-->
  </category>
  <category name="oracle.fwk.ext.struts.ExtRequestProcessor">
    <priority value="debug" />
    <appender-ref ref="DebugLog" />
<!--    
    <appender-ref ref="ProcessLog" />
-->
  </category>
  <category name="oracle.fwk.ext.struts.ExtStrutsUtils">
    <priority value="debug" />
    <appender-ref ref="DebugLog" />
<!--    
    <appender-ref ref="ProcessLog" />
-->
  </category>
  <category name="oracle.fwk.ext.struts.MasterAction">
    <priority value="debug" />
    <appender-ref ref="DebugLog" />
<!--    
    <appender-ref ref="ProcessLog" />
-->
  </category>

  <!-- [oracle.fwk.ext.struts.config.*] Category -->
  <!-- [oracle.fwk.ext.struts.config.impl.*] Category -->
  <category name="oracle.fwk.ext.struts.config.impl.ExtendedConfigImpl">
    <priority value="debug" />
    <appender-ref ref="DebugLog" />
<!--    
    <appender-ref ref="ConfigLog" />
-->
  </category>

  <!-- [oracle.fwk.ext.struts.plugins.*] Category -->
  <category name="oracle.fwk.ext.struts.plugins.ExtendedConfigVerifier">
    <priority value="debug" />
    <appender-ref ref="DebugLog" />
<!--    
    <appender-ref ref="ConfigLog" />
-->
  </category>
  <category name="oracle.fwk.ext.struts.plugins.GlobalBeanConfigVerifier">
    <priority value="debug" />
    <appender-ref ref="DebugLog" />
<!--    
    <appender-ref ref="ConfigLog" />
-->
  </category>
  <category name="oracle.fwk.ext.struts.plugins.GlobalDBIfConfigVerifier">
    <priority value="debug" />
    <appender-ref ref="DebugLog" />
<!--    
    <appender-ref ref="ConfigLog" />
-->
  </category>
  <category name="oracle.fwk.ext.struts.plugins.GlobalDSConfigVerifier">
    <priority value="debug" />
    <appender-ref ref="DebugLog" />
<!--    
    <appender-ref ref="ConfigLog" />
-->
  </category>
  <category name="oracle.fwk.ext.struts.plugins.GlobalFormatConfigVerifier">
    <priority value="debug" />
    <appender-ref ref="DebugLog" />
<!--    
    <appender-ref ref="ConfigLog" />
-->
  </category>

  <!-- [oracle.fwk.ext.struts.resource.*] Category -->
  <category name="oracle.fwk.ext.struts.resource.DatabaseMessageResources">
    <priority value="debug" />
    <appender-ref ref="DebugLog" />
<!--    
    <appender-ref ref="ResourceLog" />
-->
  </category>

  <!-- [oracle.fwk.ext.struts.taglib.html.*] Category -->
  <category name="oracle.fwk.ext.struts.taglib.html.FormTagWrapper">
    <priority value="debug" />
    <appender-ref ref="DebugLog" />
<!--    
    <appender-ref ref="ProcessLog" />
-->
  </category>
  <category name="oracle.fwk.ext.struts.taglib.html.HtmlTagWrapper">
    <priority value="debug" />
    <appender-ref ref="DebugLog" />
<!--    
    <appender-ref ref="ProcessLog" />
-->
  </category>

  <!-- [oracle.fwk.ext.struts.taglib.logic.*] Category -->
  <category name="oracle.fwk.ext.struts.taglib.logic.IterateTagWrapper">
    <priority value="debug" />
    <appender-ref ref="DebugLog" />
<!--    
    <appender-ref ref="ProcessLog" />
-->
  </category>
  <category name="oracle.fwk.ext.struts.taglib.logic.TDUnitTag">
    <priority value="debug" />
    <appender-ref ref="DebugLog" />
<!--    
    <appender-ref ref="ProcessLog" />
-->
  </category>

  <!-- [oracle.fwk.ext.struts.validator.*] Category -->
  <category name="oracle.fwk.ext.struts.validator.ExtendedCachedDynaForm">
    <priority value="debug" />
    <appender-ref ref="DebugLog" />
<!--    
    <appender-ref ref="ProcessLog" />
-->
  </category>
  <category name="oracle.fwk.ext.struts.validator.ExtendedDynaForm">
    <priority value="debug" />
    <appender-ref ref="DebugLog" />
<!--    
    <appender-ref ref="ProcessLog" />
-->
  </category>
  <category name="oracle.fwk.ext.struts.validator.FieldChecksUtils">
    <priority value="debug" />
    <appender-ref ref="DebugLog" />
<!--    
    <appender-ref ref="ProcessLog" />
-->
  </category>

  <!-- [oracle.apps.xxsc.*] Category -->
  <category name="oracle.apps.xxsc.ActionTemplate">
    <priority value="debug" />
    <appender-ref ref="DebugLog" />
<!--    
    <appender-ref ref="ProcessLog" />
-->
  </category>

  <!-- [oracle.apps.xxsc.auth.*] Category -->
  <category name="oracle.apps.xxsc.auth.BrowserGateway">
    <priority value="debug" />
    <appender-ref ref="DebugLog" />
<!--    
    <appender-ref ref="ProcessLog" />
-->
  </category>
  <category name="oracle.apps.xxsc.auth.EBSGateway">
    <priority value="debug" />
    <appender-ref ref="DebugLog" />
<!--    
    <appender-ref ref="ProcessLog" />
-->
  </category>
  <category name="oracle.apps.xxsc.auth.LoginInfoChkGateway">
    <priority value="debug" />
    <appender-ref ref="DebugLog" />
<!--    
    <appender-ref ref="ProcessLog" />
-->
  </category>
  <category name="oracle.apps.xxsc.auth.XxscGatewayBase">
    <priority value="debug" />
    <appender-ref ref="DebugLog" />
<!--    
    <appender-ref ref="ProcessLog" />
-->
  </category>
  <category name="oracle.apps.xxsc.auth.DuplicateChkGateway">
    <priority value="debug" />
    <appender-ref ref="DebugLog" />
<!--    
    <appender-ref ref="ProcessLog" />
-->
  </category>
  <!-- [oracle.apps.xxsc.commons.util.*] Category -->
  <category name="oracle.apps.xxsc.commons.util.SqlTraceUtils">
    <priority value="debug" />
    <appender-ref ref="DebugLog" />
<!--    
    <appender-ref ref="ProcessLog" />
-->
  </category>

  <!-- [oracle.apps.xxsc.plugin.*] Category -->
  <category name="oracle.apps.xxsc.plugin.DatabaseMetaDataPlugIn">
    <priority value="debug" />
    <appender-ref ref="DebugLog" />
  </category>

  <!-- [BusinessLog] Category -->
  <category name="biz">
    <priority value="debug" />
    <appender-ref ref="DebugLog" />
<!--    
    <appender-ref ref="ProcessLog" />
-->
  </category>

  <!-- [Database Log] Category -->
  <category name="database">
    <priority value="debug" />
    <appender-ref ref="DatabaseLog" />
  </category>

  <!-- [Dispatch Log] Category -->
  <category name="dispatch">
    <priority value="debug" />
    <appender-ref ref="DispatchLog" />
  </category>

  <!-- [Error Log] Category -->
  <category name="error">
    <priority value="debug" />
    <appender-ref ref="ErrorLog" />
  </category>

  <!-- [Watch Log] Category -->
  <category name="watch">
    <priority value="debug" />
    <appender-ref ref="WatchLog" />
  </category>

  <!-- [Session Log] Category -->
  <category name="session">
    <priority value="debug" />
    <appender-ref ref="SessionLog" />
  </category>

  <!-- 2006/02/20 minoura Add Start -->
  <!-- Root Category ... -->
<root>
  <priority value="off" />
</root>
  <!-- 2006/02/20 minoura Add End   -->


</log4j:configuration>
