<?xml version="1.0" encoding="Shift_JIS"?>


<!-- $Id: global-dbif.xml,v 1.30 2005/04/20 04:53:32 admin Exp $ -->

<!--
  ===================================================================
  === Array Definitions
  ===================================================================
-->

    <array name="XXSC_S_PRC022_UPDATE_AT" structType="XXSC_S_PRC022_UPDATE_ST">
      <property name="siOppCode" />
      <property name="setUnitIid" />
      <property name="setUnitProcFlag" />
      <property name="ttSetId" />
      <property name="setQty" />
      <property name="detailUnitIid" />
      <property name="detailUnitProcFlag" />
      <property name="qty" />
      <property name="ttStdPrice" />
      <property name="dtInvcPrice" />
      <property name="dtDiscnt" />
      <property name="dtDiscntRate" />
      <property name="dtUnitPrice" />
      <property name="grossMarginAmnt" />
      <property name="dtGrossMarginRate" />
      <property name="stdPriceMstFlag" />
      <property name="settlementPriceFlag" />
      <property name="itemLinkCode1" />
      <property name="itemLinkCode2" />
      <property name="openPriceTypeFlag" />
      <property name="govPrivOfficeType" />
      <property name="salesMcnKindType" />
      <property name="dtBaseInvoice" />
      <property name="dtWhlsalePrice" />
      <property name="salesunitPriceFlag" />
    </array>

