<?xml version="1.0" encoding="Shift_JIS"?>


<!-- $Id: global-dbif.xml,v 1.30 2005/04/20 04:53:32 admin Exp $ -->

<!--
  ===================================================================
  === Array Definitions
  ===================================================================
-->

    <array name="XXSC_S_ESY004_INFO_AT" structType="XXSC_S_ESY004_INFO_ST">
      <property name="contractSeq"/>
      <property name="hdContractType"/>
      <property name="estabLocIid"/>
      <property name="sectionName"/>
      <property name="floor"/>
      <property name="custContactName"/>
      <property name="tel"/>
      <property name="anContractHdrIid"/>
    </array>

