<?xml version="1.0" encoding="Shift_JIS"?>


<!-- $Id: global-dbif.xml,v 1.30 2005/04/20 04:53:32 admin Exp $ -->

<!--
  ===================================================================
  === Array Definitions
  ===================================================================
-->

    <array name="XXSC_S_CNL005_LINE_AT" structType="XXSC_S_CNL005_LINE_ST">
      <property name="oppDetailIid" />
    </array>

    <array name="XXSC_S_CNL005_MAIN_AT" structType="XXSC_S_CNL005_MAIN_ST">
      <property name="custRegMngFee" />
      <property name="onSiteAdjCost" />
      <property name="districtDelivCost" />
      <property name="whlsaleOrigChannelID" />
      <property name="whlsaleChannelID" />
      <property name="oppToOrgID" />
      <property name="estabOrgID" />
      <property name="oppSetUnitIid" />
      <property name="oppShapeCode" />
    </array>

