<?xml version="1.0" encoding="Shift_JIS"?>


<!-- $Id: global-dbif.xml,v 1.30 2005/04/20 04:53:32 admin Exp $ -->

<!--
  ===================================================================
  === Array Definitions
  ===================================================================
-->

    <array name="XXSC_S_ESY001_LINE_AT" structType="XXSC_S_ESY001_LINE_ST">
      <property name="estabAdjFeeDiscnt" />
      <property name="stEstabAdjFeeMountCost" />
      <property name="transitFeeDiscnt" />
      <property name="stTransitFee" />
      <property name="anContractDetailIid" />
    </array>

    <array name="XXSC_S_ESY001_TOTAL_AMT_AT" structType="XXSC_S_ESY001_TOTAL_AMT_ST">
      <property name="anContractHdrIid" />
      <property name="carryOutReqDate" />
      <property name="wkCmpl">
        <submit condition="EQUALS" value="ON" dest="Y" />
        <submit condition="NULL" dest="N" />
      </property>
      <property name="carryOutLocIid" />
      <property name="ciSectionName" />
      <property name="ciFloor" />
      <property name="ciCustContactName" />
      <property name="ciTel" />
      <property name="ciEntranceSteps" />
      <property name="ciEntranceDoorWidth" />
      <property name="ciElevatorUsageBad" >
        <submit condition="EQUALS" value="ON" dest="Y" />
        <submit condition="NULL" dest="N" />
      </property>
      <property name="ceEntrance" />
      <property name="ceWidth" />
      <property name="ceLength" />
      <property name="ceAllowWeight" />
      <property name="csForm" />
      <property name="csWidthLinear" />
      <property name="csFloorLinear" />
      <property name="csSteps" />
      <property name="contractType" />
      <property name="ciCeSupportReq">
        <submit condition="EQUALS" value="ON" dest="Y" />
        <submit condition="NULL" dest="N" />
      </property>
      <property name="ciWkCntrCode"/>
      <property name="ciWreckerWkReqCmplType">
        <submit condition="EQUALS" value="ON" dest="Y" />
        <submit condition="NULL" dest="N" />
      </property>
      <property name="carryOutTimeNotice" />
      <property name="delivReqDate" />
      <property name="eiMoveType" />
      <property name="estabLocIid" />
      <property name="eiSectionName" />
      <property name="eiFloor" />
      <property name="eiCustContactName" />
      <property name="eiTel" />
      <property name="eiEntranceSteps" />
      <property name="eiEntranceDoorWidth" />
      <property name="eiElevatorUsageBad">
        <submit condition="EQUALS" value="ON" dest="Y" />
        <submit condition="NULL" dest="N" />
      </property>
      <property name="eeEntrance" />
      <property name="eeWidth" />
      <property name="eeLength" />
      <property name="eeAllowWeight" />
      <property name="esForm" />
      <property name="esWidthLinear" />
      <property name="esFloorLinear" />
      <property name="esSteps" />
      <property name="salesContactIid" />
      <property name="eiCeSupportReq" >
        <submit condition="EQUALS" value="ON" dest="Y" />
        <submit condition="NULL" dest="N" />
      </property>
      <property name="eiWkCntrCode" />
      <property name="eiWreckerWkReqCmplType" >
        <submit condition="EQUALS" value="ON" dest="Y" />
        <submit condition="NULL" dest="N" />
      </property>
      <property name="estabTimeNotice" />
      <property name="billToLocIid" />
      <property name="biSectionName" />
      <property name="biFloor" />
      <property name="biCustContactName" />
      <property name="biTel" />
      <property name="payPlanDate" />
      <property name="payMethod" />
      <property name="bankIid" />
      <property name="cashCollectCmpl">
        <submit condition="EQUALS" value="ON" dest="Y" />
        <submit condition="NULL" dest="N" />
      </property>
      <property name="moveFee" >
        <submit condition="EQUALS" value="V3" dest="1" />
        <submit condition="NOTEQUALS" value="V3" dest="2" />
      </property>
      <property name="biInvoiceArrivalDueDate" />
    </array>

