<?xml version="1.0" encoding="Shift_JIS"?>


<!-- $Id: global-dbif.xml,v 1.30 2005/04/20 04:53:32 admin Exp $ -->

<!--
  ===================================================================
  === Array Definitions
  ===================================================================
-->

    <array name="XXSC_S_PRC019_UPDATE_AT" structType="XXSC_S_PRC019_UPDATE_ST">
      <property name="setUnitIid" />
      <property name="setUnitProcFlag" />
      <property name="ttSetId" />
      <property name="setQty" />
      <property name="contractPeriod" />
      <property name="mainteBaseType" />
      <property name="pay" />
      <property name="paidPreOrPost" />
      <property name="mainteType" />
      <property name="locXapSeq" />
      <property name="priceKindType" />
      <property name="mcCalcType" />
      <property name="detailUnitIid" />
      <property name="detailUnitProcFlag" />
      <property name="itemLinkCode1" />
      <property name="itemLinkCode2" />
      <property name="rfItemCode" />
      <property name="rfItemName" />
      <property name="salesMcnKindType" />
      <property name="qty" />
      <property name="rfSupportFeeListPrice" />
      <property name="majorDiscntRate" />
      <property name="rfMajorDiscntAmnt" />
      <property name="rfQtyDiscntAmnt" />
      <property name="rfDiscnt" />
      <property name="rfDiscntRate" />
      <property name="mixSpApplyFlag" />
      <property name="locXAPInfChgFlag" />
      <property name="majorDiscntApplyFlag" />
      <property name="qtyDiscntApplyFlag" />
      <property name="supportPriceFlag" />
      <property name="oppFixFeeFeeIid" />
      <property name="oppTokuTradeAplicaIid" />
      <property name="salesListPrice" />
      <property name="invoicePrice" />
      <property name="salesListPriceFlag" />
      <property name="invoicePriceFlag" />
    </array>

