<?xml version="1.0" encoding="Shift_JIS"?>


<!-- $Id: global-dbif.xml,v 1.30 2005/04/20 04:53:32 admin Exp $ -->

<!--
  ===================================================================
  === Array Definitions
  ===================================================================
-->

    <array name="XXSC_S_UPF001_UPDATE_AT" structType="XXSC_S_UPF001_UPDATE_ST">
      <property name="mgrEmpNum" />
      <property name="riMgrName" />
      <property name="mgrEmail" />
      <property name="mgrEmployeeId" />
      <property name="rfCorpName" />
      <property name="rfDeptName" />
      <property name="rfAddr" />
      <property name="rfTel" />
      <property name="rfMgrName" />
      <property name="rsCorpName" />
      <property name="rsDeptName" />
      <property name="rsAddr" />
      <property name="rsTel" />
      <property name="rsMgrName" />
      <property name="employeeId" />
    </array>

