<?xml version="1.0" encoding="Shift_JIS" ?>


<!-- $Id: global-formatters.xml,v 1.1 2003/07/11 10:30:32 j_shibato Exp $ -->


<formatters>

  <format key="currency" 
          formatterClass="oracle.apps.xxsc.commons.util.CurrencyFormatter">
    <script onblur="textFormat( this, 'currency' )" />
  </format>

  <format key="numeric" 
          formatterClass="oracle.apps.xxsc.commons.util.NumberFormatter">
    <script onblur="textFormat( this, 'numeric' )" />
  </format>

  <format key="yyyy/MM/dd" 
          formatterClass="oracle.apps.xxsc.commons.util.DateFormatter">
    <script onblur="textFormat( this, 'yyyy/MM/dd' )" />
  </format>

  <format key="decimal1"
          formatterClass="oracle.apps.xxsc.commons.util.DecimalFormatter">
    <script onblur="textFormat( this, 'decimal1' )" />
  </format>

  <format key="decimal2"
          formatterClass="oracle.apps.xxsc.commons.util.DecimalFormatter">
    <script onblur="textFormat( this, 'decimal2' )" />
  </format>

  <format key="decimal3"
          formatterClass="oracle.apps.xxsc.commons.util.DecimalFormatter">
    <script onblur="textFormat( this, 'decimal3' )" />
  </format>

  <format key="decimal4"
          formatterClass="oracle.apps.xxsc.commons.util.DecimalFormatter">
    <script onblur="textFormat( this, 'decimal4' )" />
  </format>



<!-- ======= Sample Formatter for [[ Server Only ]] ... ======= -->
<!--
  <format key="XXX" formatterClass="xxx.xx.XXXFormatter" />
-->

<!-- ======= Sample Formatter for [[ Client Only ]] ... ======= -->
<!--
  <format key="YYY">
    <script onfocus="textUnformat(this, 'YYY')" onblur="textFormat(this, 'YYY')" />
  </format>
-->


</formatters>

