<?xml version="1.0" encoding="Shift_JIS"?>


<!-- $Id: global-dbif.xml,v 1.30 2005/04/20 04:53:32 admin Exp $ -->

<!--
  ===================================================================
  === Array Definitions
  ===================================================================
-->

    <array name="XXSC_S_RCV002_CONF_REQ_AT" structType="XXSC_S_RCV002_CONF_REQ_ST">
      <property name="oppStatus" />
      <property name="citSetId" />
      <property name="oppDetailNum" />
      <property name="citOppDetailIid" />
      <property name="citItemName" />
      <property name="citTotalQty" />
      <property name="carryInToLocCode" />
      <property name="carryInToLocName" />
      <property name="citReqDueDate" />
      <property name="kittingType" />
      <property name="makerCode" />
      <property name="makerName" />
      <property name="citMakerModelNum" />
      <property name="supplyToItemCode" />
      <property name="supplyToQuoteNum" />
      <property name="vendorCode" />
      <property name="vendorName" />
      <property name="vendorDept" />
      <property name="vendorContact" />
      <property name="vendorTel" />
      <property name="whlsalePrice" />
      <property name="contactEmpNum" />
      <property name="dataSelectFlag" />
    </array>

