<?xml version="1.0" encoding="Shift_JIS"?>


<!-- $Id: global-dbif.xml,v 1.30 2005/04/20 04:53:32 admin Exp $ -->

<!--
  ===================================================================
  === Array Definitions
  ===================================================================
-->
    <array name="XXSC_S_CNF008_COMMIT_AT" structType="XXSC_S_CNF008_COMMIT_ST">
      <property name="employeeLinkCode" />
      <property name="tradeApplDocAprv" />
      <property name="creditLimitAmntConf" />
      <property name="fullDocGetDate" />
      <property name="tSCContract" />
      <property name="mainteContract" />
      <property name="otherDoc" />
      <property name="docName" />
      <property name="salerComment" />
      <property name="mgr_salesContactIid" />
      <property name="mgr_email" />
      <property name="summing_iidSalesContact" />
      <property name="summing_Name" />
      <property name="person_id" />
    </array>

