<?xml version="1.0" encoding="Shift_JIS"?>


<!-- $Id: global-dbif.xml,v 1.30 2005/04/20 04:53:32 admin Exp $ -->

<!--
  ===================================================================
  === Array Definitions
  ===================================================================
-->

    <array name="XXSC_S_GVM002_DISP_AT" structType="XXSC_S_GVM002_DISP_ST">
      <property name="locName" />
      <property name="contractSeq" />
      <property name="introDate" />
      <property name="shortRangeR" />
      <property name="updType" />
      <property name="divideType" />
      <property name="tradeAplicaPresence" />
      <property name="oppCode" />
      <property name="oppCreateDate" />
     </array>
    <!-- 2006/12/28 K.Takayama Del Start
    <array name="XXSC_S_GVM002_PARAM_AT" structType="XXSC_S_GVM002_PARAM_ST">
      <property name="iidOpp" />
      <property name="oppSetUnitIid" />
      <property name="locName" />
      <property name="contractSeq" />
     </array>
     2006/12/28 K.Takayama Del End -->
    <!-- 2006/12/28 K.Takayama Add Start -->
    <array name="XXSC_S_GVM002_PARAM_AT" structType="XXSC_S_GVM002_PARAM_ST">
      <property name="iidOpp" />
      <property name="oppSetUnitIid" />
      <property name="locCode" />
      <property name="contractSeq" />
     </array>
     <!-- 2006/12/28 K.Takayama Add End -->

