<?xml version="1.0" encoding="Shift_JIS"?>


<!-- $Id: global-dbif.xml,v 1.30 2005/04/20 04:53:32 admin Exp $ -->

<!--
  ===================================================================
  === Array Definitions
  ===================================================================
-->

    <array name="XXSC_S_CTS001_INIT_AT" structType="XXSC_S_CTS001_INIT_ST">
      <property name="setID" />
      <property name="ltContractType" />
      <property name="inMcnItemName" />
      <property name="setQty" />
      <property name="allSalesAmnt" />
      <property name="outExtMcnItemName" />
      <property name="contractSeq" />
      <property name="delivReqDate" />
      <property name="estabLoc" />
      <property name="carryOutReqDate" />
      <property name="carryOutLocEmEstab" />
      <property name="hdSalesType" />
      <property name="hdContractType" />
      <property name="oppSetUnitIidOUTMcn" />
      <property name="oppSetUnitIidInMcn" />
      <property name="existContractFlag" />
      <property name="estabLocCode" />
      <property name="carryOutLocCode" />
    </array>

    <array name="XXSC_S_CTS001_OPP_CANCEL_AT" structType="XXSC_S_CTS001_OPP_CANCEL_ST">
      <property name="iidOpp" />
      <property name="oppSetUnitIidInMcn" />
    </array>

