<?xml version="1.0" encoding="Shift_JIS"?>


<!-- $Id: global-dbif.xml,v 1.30 2005/04/20 04:53:32 admin Exp $ -->

<!--
  ===================================================================
  === Array Definitions
  ===================================================================
-->

    <array name="XXSC_S_LSE001_CHA_AT" structType="XXSC_S_LSE001_CHA_ST">
      <property name="channelCode" />
      <property name="channelName" />
      <property name="hdLeaseAmnt" />
      <property name="leaseBuiltinServFee" />
      <property name="remainLeaseAddAmnt" />
      <property name="mthlyFeeLeaseFee" />
      <property name="hdThingName" />
      <property name="thingEstabPlace" />
      <property name="estabDivName" />
      <property name="estabContactName" />
      <property name="estabTel" />
    </array>

    <array name="XXSC_S_LSE001_HDR_AT" structType="XXSC_S_LSE001_HDR_ST">
      <property name="infTypeCode" />
      <property name="corpCode" />
      <property name="oU" />
      <property name="hdEmpNum" />
      <property name="hdOppCode" />
      <property name="oppLocCode" />
      <property name="oppLocName" />
      <property name="oppLocNameKana" />
      <property name="oppToPostNum" />
      <property name="oppToAddr" />
      <property name="oppToTel" />
      <property name="custName" />
      <property name="custNameKana" />
      <property name="teikokuCode" />
      <property name="custPostNum" />
      <property name="custAddr" />
      <property name="custTel" />
      <!-- <property name="leasePeriodType" /> -->
      <!-- <property name="leaseStartPlanDate" /> -->
    </array>

    <array name="XXSC_S_LSE001_SET_AT" structType="XXSC_S_LSE001_SET_ST">
      <property name="setID" />
      <property name="setQty" />
      <property name="contractSeq" />
      <property name="estabLocCorpCode" />
      <property name="hdEstabLocCode" />
      <property name="leaseContractNum" />
      <property name="leaseCorpCorpCode" />
      <property name="leaseCorpLocCode" />
      <property name="itemCode" />
      <property name="hdItemName" />
      <property name="estabLocName" />
      <property name="estabPostNum" />
      <property name="estabLocAddr" />
      <property name="makeNum" />
      <property name="leaseStartDate" />
      <property name="hdLeasePrice" />
      <property name="leasePeriod" />
      <property name="tradeDate" />

      <property name="leasePeriodType" />
      <property name="leaseStartPlanDate" />

    </array>

