<?xml version="1.0" encoding="Shift_JIS"?>


<!-- $Id: global-dbif.xml,v 1.30 2005/04/20 04:53:32 admin Exp $ -->

<!--
  ===================================================================
  === Array Definitions
  ===================================================================
-->

    <array name="XXSC_S_EPJ01_MAIN_AT" structType="XXSC_S_EPJ01_MAIN_ST">
        <property name="customerSiteName" />
	<property name="needByDeliverDate" />
        <property name="leaseCorpName" />
        <property name="locationName" />
        <property name="sectionName" />
        <property name="province" />
        <property name="city" />
        <property name="address1" />
        <property name="address2" />
        <property name="address3" />
    </array>

    <array name="XXSC_S_EPJ01_LINE_AT" structType="XXSC_S_EPJ01_LINE_ST">
        <property name="itemName" />
	<property name="unitPrice" />
        <property name="quantity" />
        <property name="amount" />
    </array>

