<?xml version="1.0" encoding="Shift_JIS"?>


<!-- $Id: global-dbif.xml,v 1.30 2005/04/20 04:53:32 admin Exp $ -->

<!--
  ===================================================================
  === Array Definitions
  ===================================================================
-->

    <array name="XXSC_S_RCV001_CRYSTAL_AT" structType="XXSC_S_RCV001_CRYSTAL_ST">
      <property name="oppContractUnitIid" />
      <property name="citOppDetailIid" />
      <property name="oppCarryInToIid" />
      <property name="ciReqDueDate" />
      <property name="ciSetId" />
      <property name="oppDetailNum" />
      <property name="citItemName" />
      <property name="ciTotalQty" />
      <property name="carryInToLocCode" />
      <property name="carryInToLocName" />
      <property name="kittingType" />
      <property name="makerCode" />
      <property name="makerName" />
      <property name="citMakerModelNum" />
      <property name="supplyToItemCode" />
      <property name="supplyToQuoteNum" />
      <property name="vendorCode" />
      <property name="vendorName" />
      <property name="vendorDept" />
      <property name="vendorContact" />
      <property name="vendorTel" />
      <property name="whlsalePrice" />
      <property name="contactEmpNum" />
      <property name="dataSelectFlag" />
    </array>

    <array name="XXSC_S_RCV001_JISHA_AT" structType="XXSC_S_RCV001_JISHA_ST">
      <property name="odepReq">
        <submit condition="EQUALS" value="on" dest="Y" />
        <submit condition="EQUALS" value="ON" dest="Y" />
        <submit condition="NOTEQUALS" dest="N" />
      </property>
      <property name="ceReq">
        <submit condition="EQUALS" value="on" dest="Y" />
        <submit condition="EQUALS" value="ON" dest="Y" />
        <submit condition="NOTEQUALS" dest="N" />
      </property>
      <property name="inventoryOrg" />
      <property name="stockPlaceCode" />
      <property name="oppSetUnitIid" />
      <property name="hdOppDetailIid" />
      <property name="oppCarryInToIid" />
      <property name="oppDetailQty" />
      <property name="oppUnitContractType" />
      <property name="ctReqDueDate" />
      <property name="carryOutReqDate" />
      <property name="operationCompDate" />
    </array>

