<?xml version = '1.0' encoding = 'Shift_JIS'?>
<JLibraryList xmlns="http://xmlns.oracle.com/jdeveloper/903/jlibrary-list" nselem="JLibraryList" class="oracle.jdeveloper.library.JLibraryList">
   <aliasMap class="java.util.HashMap"/>
   <jdkList class="java.util.ArrayList">
      <Item class="oracle.jdeveloper.library.JDK">
         <SDKBinDir path="../../../jdk1.3.1_07/bin/"/>
         <classPath>
            <entries>
               <Item path="../../../jdk1.3.1_07/jre/lib/rt.jar" jar-entry=""/>
               <Item path="../../../jdk1.3.1_07/jre/lib/i18n.jar" jar-entry=""/>
               <Item path="../../../jdk1.3.1_07/jre/lib/sunrsasign.jar" jar-entry=""/>
               <Item path="../../../jdk1.3.1_07/jre/lib/jsse.jar" jar-entry=""/>
               <Item path="../../../jdk1.3.1_07/jre/lib/jce.jar" jar-entry=""/>
               <Item path="../../../jdk1.3.1_07/jre/lib/charsets.jar" jar-entry=""/>
               <Item path="../../../jdk1.3.1_07/jre/classes/"/>
            </entries>
         </classPath>
         <docPath>
            <entries>
               <Item protocol="http" host="java.sun.com" path="/j2se/1.3/docs/api/"/>
            </entries>
         </docPath>
         <javaExecutable path="../../../jdk1.3.1_07/jre/bin/java.exe"/>
         <javaVersion>1.3.1_07</javaVersion>
         <locked>false</locked>
         <name>1.3.1_07</name>
         <sourcePath>
            <entries>
               <Item path="../../../jdk1.3.1_07/src.jar" jar-entry="src/"/>
            </entries>
         </sourcePath>
      </Item>
   </jdkList>
   <libraryList class="java.util.ArrayList">
      <Item class="oracle.jdeveloper.library.JLibrary">
         <defaultLibraryDefinition>
            <JDKVersion/>
            <classPath>
               <entries>
                  <Item path="../../../home/scs_cvs/sc/commonswork/xxsc-application/public_html/WEB-INF/lib/bc4juixtags.jar" jar-entry=""/>
                  <Item path="../../../home/scs_cvs/sc/commonswork/xxsc-application/public_html/WEB-INF/lib/classes12.zip" jar-entry=""/>
                  <Item path="../../../home/scs_cvs/sc/commonswork/xxsc-application/public_html/WEB-INF/lib/commons-beanutils-1.6.1.jar" jar-entry=""/>
                  <Item path="../../../home/scs_cvs/sc/commonswork/xxsc-application/public_html/WEB-INF/lib/commons-collections-2.1.jar" jar-entry=""/>
                  <Item path="../../../home/scs_cvs/sc/commonswork/xxsc-application/public_html/WEB-INF/lib/commons-dbcp-1.0.jar" jar-entry=""/>
                  <Item path="../../../home/scs_cvs/sc/commonswork/xxsc-application/public_html/WEB-INF/lib/commons-digester-1.5.jar" jar-entry=""/>
                  <Item path="../../../home/scs_cvs/sc/commonswork/xxsc-application/public_html/WEB-INF/lib/commons-fileupload-1.0-rc1.jar" jar-entry=""/>
                  <Item path="../../../home/scs_cvs/sc/commonswork/xxsc-application/public_html/WEB-INF/lib/commons-lang-1.0.1.jar" jar-entry=""/>
                  <Item path="../../../home/scs_cvs/sc/commonswork/xxsc-application/public_html/WEB-INF/lib/commons-logging-1.0.3.jar" jar-entry=""/>
                  <Item path="../../../home/scs_cvs/sc/commonswork/xxsc-application/public_html/WEB-INF/lib/commons-logging-api-1.0.3.jar" jar-entry=""/>
                  <Item path="../../../home/scs_cvs/sc/commonswork/xxsc-application/public_html/WEB-INF/lib/commons-pool-1.0.1.jar" jar-entry=""/>
                  <Item path="../../../home/scs_cvs/sc/commonswork/xxsc-application/public_html/WEB-INF/lib/commons-validator-1.0.2.jar" jar-entry=""/>
                  <Item path="../../../home/scs_cvs/sc/commonswork/xxsc-application/public_html/WEB-INF/lib/datatags.jar" jar-entry=""/>
                  <Item path="../../../home/scs_cvs/sc/commonswork/xxsc-application/public_html/WEB-INF/lib/ejbtaglib.jar" jar-entry=""/>
                  <Item path="../../../home/scs_cvs/sc/commonswork/xxsc-application/public_html/WEB-INF/lib/email.jar" jar-entry=""/>
                  <Item path="../../../home/scs_cvs/sc/commonswork/xxsc-application/public_html/WEB-INF/lib/fileaccess.jar" jar-entry=""/>
                  <Item path="../../../home/scs_cvs/sc/commonswork/xxsc-application/public_html/WEB-INF/lib/jakarta-log4j-1.2.8.jar" jar-entry=""/>
                  <Item path="../../../home/scs_cvs/sc/commonswork/xxsc-application/public_html/WEB-INF/lib/jakarta-oro-2.0.6.jar" jar-entry=""/>
                  <Item path="../../../home/scs_cvs/sc/commonswork/xxsc-application/public_html/WEB-INF/lib/jakarta-regexp-1.2.jar" jar-entry=""/>
                  <Item path="../../../home/scs_cvs/sc/commonswork/xxsc-application/public_html/WEB-INF/lib/jakarta-struts-1.1.jar" jar-entry=""/>
                  <Item path="../../../home/scs_cvs/sc/commonswork/xxsc-application/public_html/WEB-INF/lib/jesitaglib.jar" jar-entry=""/>
                  <Item path="../../../home/scs_cvs/sc/commonswork/xxsc-application/public_html/WEB-INF/lib/jwcache.jar" jar-entry=""/>
                  <Item path="../../../home/scs_cvs/sc/commonswork/xxsc-application/public_html/WEB-INF/lib/nls_charset12.zip" jar-entry=""/>
                  <Item path="../../../home/scs_cvs/sc/commonswork/xxsc-application/public_html/WEB-INF/lib/oracle-apps-xxsc.jar" jar-entry=""/>
                  <Item path="../../../home/scs_cvs/sc/commonswork/xxsc-application/public_html/WEB-INF/lib/oracle-fwk-ext.jar" jar-entry=""/>
                  <Item path="../../../home/scs_cvs/sc/commonswork/xxsc-application/public_html/WEB-INF/lib/rowset-1.0-ea4.jar" jar-entry=""/>
                  <Item path="../../../home/scs_cvs/sc/commonswork/xxsc-application/public_html/WEB-INF/lib/sqltaglib.jar" jar-entry=""/>
                  <Item path="../../../home/scs_cvs/sc/commonswork/xxsc-application/public_html/WEB-INF/lib/uix2tags.jar" jar-entry=""/>
                  <Item path="../../../home/scs_cvs/sc/commonswork/xxsc-application/public_html/WEB-INF/lib/utiltaglib.jar" jar-entry=""/>
                  <Item path="../../../home/scs_cvs/sc/commonswork/xxsc-application/public_html/WEB-INF/lib/xml.jar" jar-entry=""/>
               </entries>
            </classPath>
            <docPath>
               <entries>
                  <Item protocol="http" host="ed10w.ssc.fxhq.fujixerox.co.jp" port="7779" path="/xxsc_dev/javadoc/ext-api"/>
                  <Item protocol="http" host="ed10w.ssc.fxhq.fujixerox.co.jp" port="7779" path="/xxsc_dev/javadoc/xxsc-api"/>
               </entries>
            </docPath>
            <locked>false</locked>
            <sourcePath>
               <entries>
                  <Item path="../../../home/scs_cvs/sc/commonswork/xxsc-application/java/"/>
               </entries>
            </sourcePath>
         </defaultLibraryDefinition>
         <definitionList class="java.util.ArrayList"/>
         <locked>false</locked>
         <name>XXSC</name>
      </Item>
   </libraryList>
</JLibraryList>
