<!DOCTYPE form-validation PUBLIC
          "-//Apache Software Foundation//DTD Commons Validator Rules Configuration 1.0//EN"
          "http://jakarta.apache.org/commons/dtds/validator_1_0.dtd">


<!-- $Id: validator-rules.xml,v 1.11 2003/08/27 01:38:22 h_watanabe Exp $ -->

<form-validation>

  <global>

<!--
  ===================================================================
  === BasicFieldChecks ...
  ===================================================================
-->
    <!-- required -->
    <validator name="required"
          classname="oracle.fwk.ext.struts.validator.BasicFieldChecks"
             method="validateRequired"
       methodParams="java.lang.Object,
                     org.apache.commons.validator.ValidatorAction,
                     org.apache.commons.validator.Field,
                     org.apache.struts.action.ActionErrors,
                     javax.servlet.http.HttpServletRequest"
                msg="errors.required" />

    <!-- required.freeMsg -->
    <validator name="required.freeMsg"
          classname="oracle.fwk.ext.struts.validator.BasicFieldChecks"
             method="validateRequired"
       methodParams="java.lang.Object,
                     org.apache.commons.validator.ValidatorAction,
                     org.apache.commons.validator.Field,
                     org.apache.struts.action.ActionErrors,
                     javax.servlet.http.HttpServletRequest"
                msg="errors.free" />

    <!-- requiredif -->
    <validator name="requiredif"
          classname="oracle.fwk.ext.struts.validator.BasicFieldChecks"
             method="validateRequiredIf"
       methodParams="java.lang.Object,
                     org.apache.commons.validator.ValidatorAction,
                     org.apache.commons.validator.Field,
                     org.apache.struts.action.ActionErrors,
                     org.apache.commons.validator.Validator,
                     javax.servlet.http.HttpServletRequest"
                msg="errors.requiredif" />

    <!-- requiredif.freeMsg -->
    <validator name="requiredif.freeMsg"
          classname="oracle.fwk.ext.struts.validator.BasicFieldChecks"
             method="validateRequiredIf"
       methodParams="java.lang.Object,
                     org.apache.commons.validator.ValidatorAction,
                     org.apache.commons.validator.Field,
                     org.apache.struts.action.ActionErrors,
                     org.apache.commons.validator.Validator,
                     javax.servlet.http.HttpServletRequest"
                msg="errors.free" />

    <!-- minlength -->
    <validator name="minlength"
          classname="oracle.fwk.ext.struts.validator.BasicFieldChecks"
             method="validateMinLength"
       methodParams="java.lang.Object,
                     org.apache.commons.validator.ValidatorAction,
                     org.apache.commons.validator.Field,
                     org.apache.struts.action.ActionErrors,
                     javax.servlet.http.HttpServletRequest"
                msg="errors.minlength" />

    <!-- minlength.freeMsg -->
    <validator name="minlength.freeMsg"
          classname="oracle.fwk.ext.struts.validator.BasicFieldChecks"
             method="validateMinLength"
       methodParams="java.lang.Object,
                     org.apache.commons.validator.ValidatorAction,
                     org.apache.commons.validator.Field,
                     org.apache.struts.action.ActionErrors,
                     javax.servlet.http.HttpServletRequest"
                msg="errors.free" />

    <!-- maxlength -->
    <validator name="maxlength"
          classname="oracle.fwk.ext.struts.validator.BasicFieldChecks"
             method="validateMaxLength"
       methodParams="java.lang.Object,
                     org.apache.commons.validator.ValidatorAction,
                     org.apache.commons.validator.Field,
                     org.apache.struts.action.ActionErrors,
                     javax.servlet.http.HttpServletRequest"
                msg="errors.maxlength" />

    <!-- maxlength.freeMsg -->
    <validator name="maxlength.freeMsg"
          classname="oracle.fwk.ext.struts.validator.BasicFieldChecks"
             method="validateMaxLength"
       methodParams="java.lang.Object,
                     org.apache.commons.validator.ValidatorAction,
                     org.apache.commons.validator.Field,
                     org.apache.struts.action.ActionErrors,
                     javax.servlet.http.HttpServletRequest"
                msg="errors.free" />

    <!-- mask -->
    <validator name="mask"
          classname="oracle.fwk.ext.struts.validator.BasicFieldChecks"
             method="validateMask"
       methodParams="java.lang.Object,
                     org.apache.commons.validator.ValidatorAction,
                     org.apache.commons.validator.Field,
                     org.apache.struts.action.ActionErrors,
                     javax.servlet.http.HttpServletRequest"
                msg="errors.invalid" />

    <!-- mask.freeMsg -->
    <validator name="mask.freeMsg"
          classname="oracle.fwk.ext.struts.validator.BasicFieldChecks"
             method="validateMask"
       methodParams="java.lang.Object,
                     org.apache.commons.validator.ValidatorAction,
                     org.apache.commons.validator.Field,
                     org.apache.struts.action.ActionErrors,
                     javax.servlet.http.HttpServletRequest"
                msg="errors.free" />

    <!-- email -->
    <validator name="email"
          classname="oracle.fwk.ext.struts.validator.BasicFieldChecks"
             method="validateEmail"
       methodParams="java.lang.Object,
                     org.apache.commons.validator.ValidatorAction,
                     org.apache.commons.validator.Field,
                     org.apache.struts.action.ActionErrors,
                     javax.servlet.http.HttpServletRequest"
                msg="errors.email" />

    <!-- email.freeMsg -->
    <validator name="email.freeMsg"
          classname="oracle.fwk.ext.struts.validator.BasicFieldChecks"
             method="validateEmail"
       methodParams="java.lang.Object,
                     org.apache.commons.validator.ValidatorAction,
                     org.apache.commons.validator.Field,
                     org.apache.struts.action.ActionErrors,
                     javax.servlet.http.HttpServletRequest"
                msg="errors.free" />

<!--
  ===================================================================
  === TypeFieldChecks ...
  ===================================================================
-->
    <!-- byte -->
    <validator name="byte"
          classname="oracle.fwk.ext.struts.validator.TypeFieldChecks"
             method="validateByte"
       methodParams="java.lang.Object,
                     org.apache.commons.validator.ValidatorAction,
                     org.apache.commons.validator.Field,
                     org.apache.struts.action.ActionErrors,
                     javax.servlet.http.HttpServletRequest"
                msg="errors.byte" />

    <!-- short -->
    <validator name="short"
          classname="oracle.fwk.ext.struts.validator.TypeFieldChecks"
             method="validateShort"
       methodParams="java.lang.Object,
                     org.apache.commons.validator.ValidatorAction,
                     org.apache.commons.validator.Field,
                     org.apache.struts.action.ActionErrors,
                     javax.servlet.http.HttpServletRequest"
                msg="errors.short" />

    <!-- integer -->
    <validator name="integer"
          classname="oracle.fwk.ext.struts.validator.TypeFieldChecks"
             method="validateInteger"
       methodParams="java.lang.Object,
                     org.apache.commons.validator.ValidatorAction,
                     org.apache.commons.validator.Field,
                     org.apache.struts.action.ActionErrors,
                     javax.servlet.http.HttpServletRequest"
                msg="errors.range" />
<!--                msg="errors.integer" /> -->

    <!-- long -->
    <validator name="long"
          classname="oracle.fwk.ext.struts.validator.TypeFieldChecks"
             method="validateLong"
       methodParams="java.lang.Object,
                     org.apache.commons.validator.ValidatorAction,
                     org.apache.commons.validator.Field,
                     org.apache.struts.action.ActionErrors,
                     javax.servlet.http.HttpServletRequest"
                msg="errors.long" />

    <!-- float -->
    <validator name="float"
          classname="oracle.fwk.ext.struts.validator.TypeFieldChecks"
             method="validateFloat"
       methodParams="java.lang.Object,
                     org.apache.commons.validator.ValidatorAction,
                     org.apache.commons.validator.Field,
                     org.apache.struts.action.ActionErrors,
                     javax.servlet.http.HttpServletRequest"
                msg="errors.float" />

    <!-- double -->
    <validator name="double"
          classname="oracle.fwk.ext.struts.validator.TypeFieldChecks"
             method="validateDouble"
       methodParams="java.lang.Object,
                     org.apache.commons.validator.ValidatorAction,
                     org.apache.commons.validator.Field,
                     org.apache.struts.action.ActionErrors,
                     javax.servlet.http.HttpServletRequest"
                msg="errors.double" />

    <!-- bigInteger -->
    <validator name="bigInteger"
          classname="oracle.fwk.ext.struts.validator.TypeFieldChecks"
             method="validateBigInteger"
       methodParams="java.lang.Object,
                     org.apache.commons.validator.ValidatorAction,
                     org.apache.commons.validator.Field,
                     org.apache.struts.action.ActionErrors,
                     javax.servlet.http.HttpServletRequest"
                msg="errors.bigintrange" />
<!--                msg="errors.integer" /> -->

    <!-- bigInteger.freeMsg -->
    <validator name="bigInteger.freeMsg"
          classname="oracle.fwk.ext.struts.validator.TypeFieldChecks"
             method="validateBigInteger"
       methodParams="java.lang.Object,
                     org.apache.commons.validator.ValidatorAction,
                     org.apache.commons.validator.Field,
                     org.apache.struts.action.ActionErrors,
                     javax.servlet.http.HttpServletRequest"
                msg="errors.free" />

    <!-- bigDecimal -->
    <validator name="bigDecimal"
          classname="oracle.fwk.ext.struts.validator.TypeFieldChecks"
             method="validateBigDecimal"
       methodParams="java.lang.Object,
                     org.apache.commons.validator.ValidatorAction,
                     org.apache.commons.validator.Field,
                     org.apache.struts.action.ActionErrors,
                     javax.servlet.http.HttpServletRequest"
                msg="errors.bigdecimalrange" />
<!--                msg="errors.float" /> -->

    <!-- bigDecimal.freeMsg -->
    <validator name="bigDecimal.freeMsg"
          classname="oracle.fwk.ext.struts.validator.TypeFieldChecks"
             method="validateBigDecimal"
       methodParams="java.lang.Object,
                     org.apache.commons.validator.ValidatorAction,
                     org.apache.commons.validator.Field,
                     org.apache.struts.action.ActionErrors,
                     javax.servlet.http.HttpServletRequest"
                msg="errors.free" />

    <!-- date -->
    <validator name="date"
          classname="oracle.fwk.ext.struts.validator.TypeFieldChecks"
             method="validateDate"
       methodParams="java.lang.Object,
                     org.apache.commons.validator.ValidatorAction,
                     org.apache.commons.validator.Field,
                     org.apache.struts.action.ActionErrors,
                     javax.servlet.http.HttpServletRequest"
                msg="errors.date" />

    <!-- date.freeMsg -->
    <validator name="date.freeMsg"
          classname="oracle.fwk.ext.struts.validator.TypeFieldChecks"
             method="validateDate"
       methodParams="java.lang.Object,
                     org.apache.commons.validator.ValidatorAction,
                     org.apache.commons.validator.Field,
                     org.apache.struts.action.ActionErrors,
                     javax.servlet.http.HttpServletRequest"
                msg="errors.free" />

<!--
  ===================================================================
  === RangeFieldChecks ...
  ===================================================================
-->
    <!-- intRange -->
    <validator name="intRange"
          classname="oracle.fwk.ext.struts.validator.RangeFieldChecks"
             method="validateIntRange"
       methodParams="java.lang.Object,
                     org.apache.commons.validator.ValidatorAction,
                     org.apache.commons.validator.Field,
                     org.apache.struts.action.ActionErrors,
                     javax.servlet.http.HttpServletRequest"
            depends="integer"
                msg="errors.range" />

    <!-- intRange.freeMsg -->
    <validator name="intRange.freeMsg"
          classname="oracle.fwk.ext.struts.validator.RangeFieldChecks"
             method="validateIntRange"
       methodParams="java.lang.Object,
                     org.apache.commons.validator.ValidatorAction,
                     org.apache.commons.validator.Field,
                     org.apache.struts.action.ActionErrors,
                     javax.servlet.http.HttpServletRequest"
            depends="integer"
                msg="errors.free" />

    <!-- doubleRange -->
    <validator name="doubleRange"
          classname="oracle.fwk.ext.struts.validator.RangeFieldChecks"
             method="validateDoubleRange"
       methodParams="java.lang.Object,
                     org.apache.commons.validator.ValidatorAction,
                     org.apache.commons.validator.Field,
                     org.apache.struts.action.ActionErrors,
                     javax.servlet.http.HttpServletRequest"
            depends="double"
                msg="errors.range" />

    <!-- doubleRange.freeMsg -->
    <validator name="doubleRange.freeMsg"
          classname="oracle.fwk.ext.struts.validator.RangeFieldChecks"
             method="validateDoubleRange"
       methodParams="java.lang.Object,
                     org.apache.commons.validator.ValidatorAction,
                     org.apache.commons.validator.Field,
                     org.apache.struts.action.ActionErrors,
                     javax.servlet.http.HttpServletRequest"
            depends="double"
                msg="errors.free" />

    <!-- floatRange -->
    <validator name="floatRange"
          classname="oracle.fwk.ext.struts.validator.RangeFieldChecks"
             method="validateFloatRange"
       methodParams="java.lang.Object,
                     org.apache.commons.validator.ValidatorAction,
                     org.apache.commons.validator.Field,
                     org.apache.struts.action.ActionErrors,
                     javax.servlet.http.HttpServletRequest"
            depends="float"
                msg="errors.range" />

    <!-- floatRange.freeMsg -->
    <validator name="floatRange.freeMsg"
          classname="oracle.fwk.ext.struts.validator.RangeFieldChecks"
             method="validateFloatRange"
       methodParams="java.lang.Object,
                     org.apache.commons.validator.ValidatorAction,
                     org.apache.commons.validator.Field,
                     org.apache.struts.action.ActionErrors,
                     javax.servlet.http.HttpServletRequest"
            depends="float"
                msg="errors.free" />

    <!-- bigIntRange -->
    <validator name="bigIntRange"
          classname="oracle.fwk.ext.struts.validator.RangeFieldChecks"
             method="validateBigIntRange"
       methodParams="java.lang.Object,
                     org.apache.commons.validator.ValidatorAction,
                     org.apache.commons.validator.Field,
                     org.apache.struts.action.ActionErrors,
                     javax.servlet.http.HttpServletRequest"
            depends="bigInteger"
                msg="errors.bigintrange" />

    <!-- bigIntRange.freeMsg -->
    <validator name="bigIntRange.freeMsg"
          classname="oracle.fwk.ext.struts.validator.RangeFieldChecks"
             method="validateBigIntRange"
       methodParams="java.lang.Object,
                     org.apache.commons.validator.ValidatorAction,
                     org.apache.commons.validator.Field,
                     org.apache.struts.action.ActionErrors,
                     javax.servlet.http.HttpServletRequest"
            depends="bigInteger.freeMsg"
                msg="errors.free" />

    <!-- bigDecimalRange -->
    <validator name="bigDecimalRange"
          classname="oracle.fwk.ext.struts.validator.RangeFieldChecks"
             method="validateBigDecimalRange"
       methodParams="java.lang.Object,
                     org.apache.commons.validator.ValidatorAction,
                     org.apache.commons.validator.Field,
                     org.apache.struts.action.ActionErrors,
                     javax.servlet.http.HttpServletRequest"
            depends="bigDecimal"
                msg="errors.bigdecimalrange" />

    <!-- bigDecimalRange.freeMsg -->
    <validator name="bigDecimalRange.freeMsg"
          classname="oracle.fwk.ext.struts.validator.RangeFieldChecks"
             method="validateBigDecimalRange"
       methodParams="java.lang.Object,
                     org.apache.commons.validator.ValidatorAction,
                     org.apache.commons.validator.Field,
                     org.apache.struts.action.ActionErrors,
                     javax.servlet.http.HttpServletRequest"
            depends="bigDecimal.freeMsg"
                msg="errors.free" />

<!--
  ===================================================================
  === ColumnFieldChecks ...
  ===================================================================
-->
    <!-- columnCheck -->
    <validator name="columnCheck"
          classname="oracle.fwk.ext.struts.validator.ColumnFieldChecks"
             method="validateColumn"
       methodParams="java.lang.Object,
                     org.apache.commons.validator.ValidatorAction,
                     org.apache.commons.validator.Field,
                     org.apache.struts.action.ActionErrors,
                     javax.servlet.http.HttpServletRequest"
                msg="errors.column" />

    <!-- columnCheck.freeMsg -->
    <validator name="columnCheck.freeMsg"
          classname="oracle.fwk.ext.struts.validator.ColumnFieldChecks"
             method="validateColumn"
       methodParams="java.lang.Object,
                     org.apache.commons.validator.ValidatorAction,
                     org.apache.commons.validator.Field,
                     org.apache.struts.action.ActionErrors,
                     javax.servlet.http.HttpServletRequest"
                msg="errors.free" />

    <!-- columnCheckif -->
    <validator name="columnCheckif"
          classname="oracle.fwk.ext.struts.validator.ColumnFieldChecks"
             method="validateColumnIf"
       methodParams="java.lang.Object,
                     org.apache.commons.validator.ValidatorAction,
                     org.apache.commons.validator.Field,
                     org.apache.struts.action.ActionErrors,
                     org.apache.commons.validator.Validator,
                     javax.servlet.http.HttpServletRequest"
                msg="errors.columnif" />

    <!-- columnCheckif.freeMsg -->
    <validator name="columnCheckif.freeMsg"
          classname="oracle.fwk.ext.struts.validator.ColumnFieldChecks"
             method="validateColumnIf"
       methodParams="java.lang.Object,
                     org.apache.commons.validator.ValidatorAction,
                     org.apache.commons.validator.Field,
                     org.apache.struts.action.ActionErrors,
                     org.apache.commons.validator.Validator,
                     javax.servlet.http.HttpServletRequest"
                msg="errors.free" />

<!--
  ===================================================================
  === DoubleBytesFieldChecks ...
  ===================================================================
-->
    <!-- doubleByte -->
    <validator name="doubleByte"
          classname="oracle.fwk.ext.struts.validator.DoubleBytesFieldChecks"
             method="validateDoubleByte"
       methodParams="java.lang.Object,
                     org.apache.commons.validator.ValidatorAction,
                     org.apache.commons.validator.Field,
                     org.apache.struts.action.ActionErrors,
                     javax.servlet.http.HttpServletRequest,
                     javax.servlet.ServletContext"
                msg="errors.doublebyte" />

    <!-- doubleByte.freeMsg -->
    <validator name="doubleByte.freeMsg"
          classname="oracle.fwk.ext.struts.validator.DoubleBytesFieldChecks"
             method="validateDoubleByte"
       methodParams="java.lang.Object,
                     org.apache.commons.validator.ValidatorAction,
                     org.apache.commons.validator.Field,
                     org.apache.struts.action.ActionErrors,
                     javax.servlet.http.HttpServletRequest,
                     javax.servlet.ServletContext"
                msg="errors.free" />

    <!-- doubleByteExcluding -->
    <validator name="doubleByteExcluding"
          classname="oracle.fwk.ext.struts.validator.DoubleBytesFieldChecks"
             method="validateDoubleByteExcluding"
       methodParams="java.lang.Object,
                     org.apache.commons.validator.ValidatorAction,
                     org.apache.commons.validator.Field,
                     org.apache.struts.action.ActionErrors,
                     javax.servlet.http.HttpServletRequest,
                     javax.servlet.ServletContext"
                msg="errors.doublebyte" />

    <!-- doubleByteExcluding.freeMsg -->
    <validator name="doubleByteExcluding.freeMsg"
          classname="oracle.fwk.ext.struts.validator.DoubleBytesFieldChecks"
             method="validateDoubleByteExcluding"
       methodParams="java.lang.Object,
                     org.apache.commons.validator.ValidatorAction,
                     org.apache.commons.validator.Field,
                     org.apache.struts.action.ActionErrors,
                     javax.servlet.http.HttpServletRequest,
                     javax.servlet.ServletContext"
                msg="errors.free" />

    <!-- doubleKana -->
    <validator name="doubleKana"
          classname="oracle.fwk.ext.struts.validator.DoubleBytesFieldChecks"
             method="validateDoubleKana"
       methodParams="java.lang.Object,
                     org.apache.commons.validator.ValidatorAction,
                     org.apache.commons.validator.Field,
                     org.apache.struts.action.ActionErrors,
                     javax.servlet.http.HttpServletRequest"
                msg="errors.doublekana" />

    <!-- doubleKana.freeMsg -->
    <validator name="doubleKana.freeMsg"
          classname="oracle.fwk.ext.struts.validator.DoubleBytesFieldChecks"
             method="validateDoubleKana"
       methodParams="java.lang.Object,
                     org.apache.commons.validator.ValidatorAction,
                     org.apache.commons.validator.Field,
                     org.apache.struts.action.ActionErrors,
                     javax.servlet.http.HttpServletRequest"
                msg="errors.free" />

  </global>

</form-validation>
